"Country","Approval rate","Applications_log10","Prediction (Approval rate)"
"Afghanistan",0.1408450704225352,1.851258348719075,0.22906384863979024
"Algeria",0.4166666666666667,1.0791812460476249,0.5736869202233515
"Argentina",0.8580060422960725,2.5198279937757184,0.7967353340754832
"Austria",1.0,2.4329692908744054,1.0156009799728851
"Bangladesh",0.5575176589303733,3.2971036501492565,0.605215591287452
"Belarus",0.75,1.0791812460476249,0.6638798236294005
"Belgium",0.9946236559139784,2.2695129442179165,0.9460684160201294
"Bhutan",0.6317991631799164,2.3783979009481375,0.5879359694731127
"Bolivia",0.8260869565217391,1.662757831681574,0.7280202818890832
"Botswana",0.75,1.0791812460476249,0.6039432398163093
"Brazil",0.8917041275030649,3.3886339693517886,0.7579345074262267
"Brunei Darussalam",1.0,1.4313637641589871,1.0858447956874344
"Bulgaria",0.8333333333333334,1.0791812460476249,0.7829862455243255
"Cambodia",0.9157212317666128,2.7902851640332416,0.8177665504968645
"Cameroon",0.1379310344827586,1.462397997898956,0.40346853583343345
"Canada",0.9857142857142858,3.0755469613925306,0.9862137448366743
"Chad",0.0,1.1461280356782375,0.13335631004959314
"Chile",0.9010380622837372,3.1598678470925665,0.9084918378601806
"China",0.9662268831754623,4.549885675770413,0.9187927945243587
"Colombia",0.7482337829158638,3.19228861256812,0.8063171239238871
"Costa Rica",0.875,1.2041199826559246,0.9175131330889326
"Czech Republic",0.9896907216494846,1.9867717342662448,0.9683627621347107
"Democratic Republic of Congo",0.1875,1.2041199826559246,0.25794673496474607
"Denmark",0.996875,2.505149978319906,0.9625535924667894
"Dominican Republic",0.6153846153846154,1.1139433523068367,0.7601767952393012
"Ecuador",0.7142857142857143,2.4014005407815437,0.877704770501358
"Egypt",0.5612244897959183,1.9912260756924949,0.5876842679651219
"Ethiopia",0.6410256410256411,1.591064607026499,0.6514568515633012
"Fiji",0.7945879458794588,2.9100905455940675,0.6867964137374345
"Finland",0.912087912087912,1.9590413923210932,0.9968234157168565
"France",0.9775390625,3.0102999566398116,0.9708625967762419
"Germany",0.996138996138996,3.7557224449034576,0.9633030487923224
"Ghana",0.4545454545454545,2.1205739312058496,0.515634817584668
"Great Britain",0.9841954022988506,2.842609239610562,0.9530494953791844
"Greece",0.9166666666666666,1.0791812460476249,0.9420550475252462
"Honduras",0.7272727272727273,1.041392685158225,0.7459724259208936
"Hungary",0.9821428571428572,1.7481880270062005,0.9186045707538617
"India",0.5656214891226636,4.467948305287141,0.6319732268355971
"Indonesia",0.9501050420168068,3.279666944048455,0.8696236352308189
"Iran",0.5305466237942122,2.7937903846908183,0.5941034187493213
"Iraq",0.4761904761904761,1.6232492903979003,0.5591280220057585
"Ireland",0.9813084112149532,2.0293837776852093,1.0274147622597258
"Israel",0.8648648648648649,1.5682017240669948,0.8536072742299098
"Italy",0.9949937421777222,2.902546779313991,1.0069460321189407
"Jamaica",0.9166666666666666,1.0791812460476249,0.7829733404409939
"Japan",0.9956498813604008,3.880012838366771,1.119178021864688
"Jordan",0.5952380952380952,1.9242792860618816,0.5048551585255797
"Kazakhstan",0.7625,1.903089986991943,0.7045152662307007
"Kenya",0.4640287769784172,2.444044795918076,0.49448315370922946
"Kiribati",0.7788461538461539,2.0170333392987803,0.6479080957657126
"Kuwait",0.9840848806366048,2.5763413502057926,0.830489915608018
"Kyrgyzstan",0.6666666666666666,1.1760912590556811,0.6826124316986142
"Laos",0.9602649006622516,2.656098202012832,0.8027919752937078
"Latvia",0.9166666666666666,1.0791812460476249,0.9276757129183774
"Lebanon",0.6956521739130435,1.3617278360175928,0.5735802122599912
"Libya",0.3636363636363636,1.041392685158225,0.4854352204620819
"Luxembourg",1.0,1.230448921378274,0.9162324427734705
"Malaysia",0.975782038345106,3.2971036501492565,0.8780792234593099
"Maldives",0.8269230769230769,1.716003343634799,0.7370933420870267
"Mauritius",0.8648648648648649,1.5682017240669948,0.7900499974792895
"Mexico",0.9234042553191488,2.672097857935717,0.8025352669432478
"Mongolia",0.6045197740112994,2.2479732663618064,0.8310366314994906
"Morocco",0.5294117647058824,1.230448921378274,0.5656324756582385
"Myanmar",0.4925606891151135,3.106190897263415,0.7962744001733895
"Nepal",0.38769357270111,3.863144346252667,0.4686698980210019
"Netherlands",0.98989898989899,2.4727564493172123,0.9328442425379792
"Nigeria",0.42,2.740362689494243,0.2164994793523951
"Norway",0.983009708737864,2.6148972160331345,1.0144811855741214
"Oman",0.9562043795620438,2.1367205671564067,0.8266247971911616
"Pakistan",0.3912419239052405,3.1439511164239633,0.378846106053114
"Panama",0.918918918918919,1.5682017240669948,0.98449967336579
"Papua New Guinea",0.8626760563380281,2.4533183400470375,0.802640800458144
"Paraguay",0.8636363636363636,1.3424226808222062,0.8033019062050608
"Peru",0.7164179104477612,2.3031960574204886,0.7958216070889531
"Philippines",0.8378879110699398,3.6352826379982113,0.8235980904254507
"Poland",1.0,1.6901960800285134,0.8573049180884451
"Portugal",0.9629629629629628,1.7323937598229684,0.9981691507769687
"Romania",0.9130434782608696,1.3617278360175928,0.8821756382012197
"Russia",0.6926286509040334,2.8567288903828825,0.7625016475513396
"Rwanda",0.5238095238095238,1.322219294733919,0.3272558533004344
"Samoa",0.9545454545454546,2.296665190261531,0.9401299815707065
"Saudi Arabia",0.7719298245614035,2.2329961103921536,0.8261377824416816
"Singapore",0.9643705463182898,2.925312091499649,1.1109074243525543
"Slovakia",1.0,1.5440680443502754,0.9867135532117173
"Solomon Islands",0.963302752293578,2.0374264979406234,0.8336547812915913
"South Africa",0.6214511041009464,2.501059262217751,0.6385891955935669
"South Korea",0.9847130761994356,3.628593255851259,1.1531553070601053
"Spain",0.9972222222222222,2.5563025007672873,0.9715740628158097
"Sri Lanka",0.7775445960125918,3.7572441510219696,0.716211529165545
"Sudan",0.3571428571428571,1.447158031342219,0.3699636427685048
"Sweden",0.9875,2.380211241711606,0.9668000896242489
"Switzerland",0.9804347826086957,2.662757831681574,0.9989081172891507
"Syria",0.2432432432432432,1.5682017240669948,0.21034225185200128
"Tanzania",0.4242424242424242,1.5185139398778873,0.5971623379927768
"Thailand",0.9254165052305308,3.71281800020785,0.9156936884895911
"Timor Leste",0.9814814814814816,2.0334237554869494,0.6961099113688447
"Tonga",0.8631578947368421,2.57978359661681,0.9441201541905783
"Turkey",0.352,2.096910013008056,0.6404273768889588
"Uganda",0.4583333333333333,1.380211241711606,0.3359688356225262
"Ukraine",0.8571428571428571,1.447158031342219,0.6953780520031225
"United Arab Emirates",1.0,1.556302500767287,0.8747866185175777
"United States of America",0.9835632521279718,3.833402129231858,0.9830637930055839
"Uruguay",0.8275862068965517,1.7634279935629371,0.8660755569172097
"Uzbekistan",0.25,1.2041199826559246,0.5644480699417157
"Vanuatu",0.8783783783783784,1.869231719730976,0.9009560229830572
"Venezuela",0.717948717948718,1.591064607026499,0.707517507411058
"Vietnam",0.817531305903399,3.446381812222442,0.8926672027501936
"Yemen",0.25,1.380211241711606,0.29697655075389384
"Zambia",0.631578947368421,1.2787536009528289,0.5420202276527954
"Zimbabwe",0.4,2.332438459915605,0.4586547486110737
