"Country","Approval rate","Applications_log10","Prediction (Approval rate)","Prediction_delta","Prediction_rate"
"Chad",0.0,1.1461280356782375,0.13335631004959314,-0.13335631004959314,0.0
"Cameroon",0.1379310344827586,1.462397997898956,0.40346853583343345,-0.2655375013506749,0.3418631745294299
"Uzbekistan",0.25,1.2041199826559246,0.5644480699417157,-0.3144480699417157,0.4429105409569648
"Turkey",0.352,2.096910013008056,0.6404273768889588,-0.2884273768889588,0.5496329680813004
"Afghanistan",0.1408450704225352,1.851258348719075,0.22906384863979024,-0.08821877821725504,0.614872539944172
"Myanmar",0.4925606891151135,3.106190897263415,0.7962744001733895,-0.30371371105827594,0.618581595751236
"Tanzania",0.4242424242424242,1.5185139398778873,0.5971623379927768,-0.17291991375035265,0.710430643815243
"Algeria",0.4166666666666667,1.0791812460476249,0.5736869202233515,-0.15702025355668486,0.7262962636562244
"Democratic Republic of Congo",0.1875,1.2041199826559246,0.25794673496474607,-0.07044673496474607,0.7268942560006657
"Mongolia",0.6045197740112994,2.2479732663618064,0.8310366314994906,-0.22651685748819117,0.7274285526024613
"Libya",0.3636363636363636,1.041392685158225,0.4854352204620819,-0.12179885682571828,0.749093490353298
"Dominican Republic",0.6153846153846154,1.1139433523068367,0.7601767952393012,-0.14479217985468573,0.8095282824186897
"Ecuador",0.7142857142857143,2.4014005407815437,0.877704770501358,-0.16341905621564368,0.8138109057761003
"Nepal",0.38769357270111,3.863144346252667,0.4686698980210019,-0.0809763253198919,0.8272209807759763
"Yemen",0.25,1.380211241711606,0.29697655075389384,-0.04697655075389384,0.841817306333982
"Iraq",0.4761904761904761,1.6232492903979003,0.5591280220057585,-0.0829375458152824,0.8516662686342195
"Zimbabwe",0.4,2.332438459915605,0.4586547486110737,-0.05865474861107367,0.8721156844256043
"Ghana",0.4545454545454545,2.1205739312058496,0.515634817584668,-0.06108936303921353,0.8815259153263393
"Iran",0.5305466237942122,2.7937903846908183,0.5941034187493213,-0.06355679495510902,0.8930206544023837
"India",0.5656214891226636,4.467948305287141,0.6319732268355971,-0.06635173771293346,0.8950086255312294
"Peru",0.7164179104477612,2.3031960574204886,0.7958216070889531,-0.07940369664119196,0.9002242513474297
"Russia",0.6926286509040334,2.8567288903828825,0.7625016475513396,-0.06987299664730628,0.9083634810866402
"Tonga",0.8631578947368421,2.57978359661681,0.9441201541905783,-0.08096225945373614,0.9142458096097446
"Vietnam",0.817531305903399,3.446381812222442,0.8926672027501936,-0.07513589684679467,0.9158298897782841
"Bangladesh",0.5575176589303733,3.2971036501492565,0.605215591287452,-0.04769793235707864,0.9211885267932165
"Colombia",0.7482337829158638,3.19228861256812,0.8063171239238871,-0.05808334100802326,0.9279646440777982
"Saudi Arabia",0.7719298245614035,2.2329961103921536,0.8261377824416816,-0.0542079578802781,0.9343838775657198
"Morocco",0.5294117647058824,1.230448921378274,0.5656324756582385,-0.03622071095235613,0.9359642302889252
"Kenya",0.4640287769784172,2.444044795918076,0.49448315370922946,-0.03045437673081225,0.9384117001714475
"Costa Rica",0.875,1.2041199826559246,0.9175131330889326,-0.042513133088932564,0.9536648233624664
"Egypt",0.5612244897959183,1.9912260756924949,0.5876842679651219,-0.02645977816920353,0.9549762013184027
"Uruguay",0.8275862068965517,1.7634279935629371,0.8660755569172097,-0.03848935002065801,0.9555589004755422
"Sudan",0.3571428571428571,1.447158031342219,0.3699636427685048,-0.012820785625647702,0.9653458228227307
"South Africa",0.6214511041009464,2.501059262217751,0.6385891955935669,-0.017138091492620466,0.9731625721028827
"Honduras",0.7272727272727273,1.041392685158225,0.7459724259208936,-0.01869969864816634,0.974932453267181
"Vanuatu",0.8783783783783784,1.869231719730976,0.9009560229830572,-0.022577644604678815,0.9749403477764381
"Kyrgyzstan",0.6666666666666666,1.1760912590556811,0.6826124316986142,-0.015945765031947556,0.9766400899083129
"Ethiopia",0.6410256410256411,1.591064607026499,0.6514568515633012,-0.010431210537660163,0.9839878719325333
"Israel",0.8648648648648649,1.5682017240669948,0.8536072742299098,0.011257590634955128,1.0131882552724394
"Venezuela",0.717948717948718,1.591064607026499,0.707517507411058,0.01043121053765994,1.0147433956451901
"Philippines",0.8378879110699398,3.6352826379982113,0.8235980904254507,0.014289820644489026,1.017350478116222
"Pakistan",0.3912419239052405,3.1439511164239633,0.378846106053114,0.012395817852126512,1.0327199294227103
"Bulgaria",0.8333333333333334,1.0791812460476249,0.7829862455243255,0.05034708780900787,1.064301369400548
"Bhutan",0.6317991631799164,2.3783979009481375,0.5879359694731127,0.043863193706803694,1.0746053923969174
"Papua New Guinea",0.8626760563380281,2.4533183400470375,0.802640800458144,0.06003525587988412,1.0747971643674434
"Paraguay",0.8636363636363636,1.3424226808222062,0.8033019062050608,0.060334457431302835,1.0751080720277801
"Argentina",0.8580060422960725,2.5198279937757184,0.7967353340754832,0.06127070822058922,1.0769022103076258
"Kazakhstan",0.7625,1.903089986991943,0.7045152662307007,0.057984733769299246,1.08230443902164
"Sri Lanka",0.7775445960125918,3.7572441510219696,0.716211529165545,0.06133306684704687,1.08563540846446
"Mauritius",0.8648648648648649,1.5682017240669948,0.7900499974792895,0.07481486738557541,1.0946963706401842
"Maldives",0.8269230769230769,1.716003343634799,0.7370933420870267,0.08982973483605017,1.1218702295990135
"Belarus",0.75,1.0791812460476249,0.6638798236294005,0.08612017637059954,1.1297225390881507
"Bolivia",0.8260869565217391,1.662757831681574,0.7280202818890832,0.09806667463265595,1.134703217852929
"Syria",0.2432432432432432,1.5682017240669948,0.21034225185200128,0.03290099139124192,1.1564164646026105
"Fiji",0.7945879458794588,2.9100905455940675,0.6867964137374345,0.1077915321420243,1.1569483037272141
"Zambia",0.631578947368421,1.2787536009528289,0.5420202276527954,0.08955871971562557,1.1652313237523575
"Brazil",0.8917041275030649,3.3886339693517886,0.7579345074262267,0.13376962007683824,1.1764923205978435
"Jordan",0.5952380952380952,1.9242792860618816,0.5048551585255797,0.09038293671251552,1.179027460027302
"Kiribati",0.7788461538461539,2.0170333392987803,0.6479080957657126,0.13093805808044123,1.202093566874937
"Lebanon",0.6956521739130435,1.3617278360175928,0.5735802122599912,0.12207196165305223,1.2128245693345496
"Ukraine",0.8571428571428571,1.447158031342219,0.6953780520031225,0.16176480513973457,1.2326285747353558
"Botswana",0.75,1.0791812460476249,0.6039432398163093,0.14605676018369074,1.241838554610056
"Uganda",0.4583333333333333,1.380211241711606,0.3359688356225262,0.1223644977108071,1.3642138339530048
"Rwanda",0.5238095238095238,1.322219294733919,0.3272558533004344,0.19655367050908945,1.6006116270398534
"Nigeria",0.42,2.740362689494243,0.2164994793523951,0.20350052064760488,1.9399584759110118
